<?xml version="1.0" encoding="UTF-8"?><MD_Metadata xmlns:gts="http://www.isotc211.org/2005/gts" xmlns:gco="http://www.isotc211.org/2005/gco" xmlns:xalan="http://xml.apache.org/xalan" xmlns:srv="http://www.isotc211.org/2005/srv" xmlns:gmx="http://www.isotc211.org/2005/gmx" xmlns:xlink="http://www.w3.org/1999/xlink" xmlns:xsi="http://www.w3.org/2001/XMLSchema-instance" xmlns:gml="http://www.opengis.net/gml" xmlns="http://www.isotc211.org/2005/gmd">
    <fileIdentifier>
        <gco:CharacterString>c86cdd7f86264f369789752121f0a1c4</gco:CharacterString>
    </fileIdentifier>
    <language>
        <LanguageCode codeList="http://www.loc.gov/standards/iso639-2" codeListValue="eng" codeSpace="ISO639-2">eng</LanguageCode>
    </language>
    <characterSet>
        <MD_CharacterSetCode codeList="http://www.isotc211.org/2005/resources/Codelist/gmxCodelists.xml#MD_CharacterSetCode" codeListValue="utf8" codeSpace="ISOTC211/19115">utf8</MD_CharacterSetCode>
    </characterSet>
    <hierarchyLevel>
        <MD_ScopeCode codeList="http://www.isotc211.org/2005/resources/Codelist/gmxCodelists.xml#MD_ScopeCode" codeListValue="dataset" codeSpace="ISOTC211/19115">dataset</MD_ScopeCode>
    </hierarchyLevel>
    <hierarchyLevelName>
        <gco:CharacterString>dataset</gco:CharacterString>
    </hierarchyLevelName>
    <contact>
        <CI_ResponsibleParty>
            <organisationName>
                <gco:CharacterString>ONS Geography</gco:CharacterString>
            </organisationName>
            <contactInfo>
                <CI_Contact>
                    <address>
                        <CI_Address>
                            <electronicMailAddress>
                                <gco:CharacterString>ons.geography@ons.gov.uk</gco:CharacterString>
                            </electronicMailAddress>
                        </CI_Address>
                    </address>
                </CI_Contact>
            </contactInfo>
            <role>
                <CI_RoleCode codeList="http://www.isotc211.org/2005/resources/Codelist/gmxCodelists.xml#CI_RoleCode" codeListValue="pointOfContact" codeSpace="ISOTC211/19115">pointOfContact</CI_RoleCode>
            </role>
        </CI_ResponsibleParty>
    </contact>
    <dateStamp>
        <gco:Date>2017-10-09</gco:Date>
    </dateStamp>
    <metadataStandardName>
        <gco:CharacterString>INSPIRE Metadata Implementing Rules: Technical Guidelines based on EN ISO 19115 and EN ISO 19119</gco:CharacterString>
    </metadataStandardName>
    <metadataStandardVersion>
        <gco:CharacterString>V. 2.0.1</gco:CharacterString>
    </metadataStandardVersion>
    <identificationInfo>
        <MD_DataIdentification>
            <citation>
                <CI_Citation>
                    <title>
                        <gmx:Anchor xlink:href="https://ons-inspire.esriuk.com/arcgis/services/Other_Boundaries/Police_Force_Areas_December_2016_Boundaries/MapServer/WFSServer?request=GetCapabilities&amp;service=WFS">Police Force Areas (December 2016) Full Clipped Boundaries in England and Wales</gmx:Anchor>
                    </title>
                    <date>
                        <CI_Date>
                            <date>
                                <gco:Date>2017-04-11</gco:Date>
                            </date>
                            <dateType>
                                <CI_DateTypeCode codeList="http://www.isotc211.org/2005/resources/Codelist/gmxCodelists.xml#CI_DateTypeCode" codeListValue="creation" codeSpace="ISOTC211/19115">creation</CI_DateTypeCode>
                            </dateType>
                        </CI_Date>
                    </date>
                    <date>
                        <CI_Date>
                            <date>
                                <gco:Date>2020-07-23</gco:Date>
                            </date>
                            <dateType>
                                <CI_DateTypeCode codeList="http://www.isotc211.org/2005/resources/Codelist/gmxCodelists.xml#CI_DateTypeCode" codeListValue="publication" codeSpace="ISOTC211/19115">publication</CI_DateTypeCode>
                            </dateType>
                        </CI_Date>
                    </date>
                    <edition>
                        <gco:CharacterString>23/07/2020: Original</gco:CharacterString>
                    </edition>
                    <identifier>
                        <MD_Identifier>
                            <code>
                                <gco:CharacterString>c86cdd7f86264f369789752121f0a1c4</gco:CharacterString>
                            </code>
                        </MD_Identifier>
                    </identifier>
                </CI_Citation>
            </citation>
            <abstract>
                <gco:CharacterString>This file contains the digital vector boundaries for Police Force Areas in England and Wales, as at 31 December 2016. The boundaries available are: Full resolution - extent of the realm (usually this is the Mean Low Water mark but in some cases boundaries extend beyond this to include off shore islands); Full resolution - clipped to the coastline (Mean High Water mark); Generalised (20m) - clipped to the coastline (Mean High Water mark); Super generalised (200m) - clipped to the coastline (Mean High Water mark) and Ultra generalised (500m) - clipped to the coastline (Mean High Water mark). Contains both Ordnance Survey and ONS Intellectual Property Rights.Download File SizesFull resolution - extent of the realm (12 MB)Full resolution - clipped to the coastline (18 MB)Generalised (20m) - clipped to the coastline (2 MB)Super generalised (200m) - clipped to the coastline (337 KB)Ultra generalised (500m) - clipped to the coastline (105 KB).REST URL of ArcGIS for INSPIRE View Service - https://ons-inspire.esriuk.com/arcgis/rest/services/Other_Boundaries/Police_Force_Areas_December_2016_Boundaries/MapServer/exts/InspireViewREST URL of ArcGIS for INSPIRE Feature Download Service - https://ons-inspire.esriuk.com/arcgis/rest/services/Other_Boundaries/Police_Force_Areas_December_2016_Boundaries/MapServer/exts/InspireFeatureDownloadREST URL of ArcGIS Feature Service - https://ons-inspire.esriuk.com/arcgis/rest/services/Other_Boundaries/Police_Force_Areas_December_2016_Boundaries/FeatureServer</gco:CharacterString>
            </abstract>
            <purpose>
                <gco:CharacterString>Boundaries</gco:CharacterString>
            </purpose>
            <credit>
                <gco:CharacterString>Office for National Statistics</gco:CharacterString>
            </credit>
            <descriptiveKeywords>
                <MD_Keywords>
                    <keyword>
                        <gco:CharacterString>Boundaries</gco:CharacterString>
                    </keyword>
                    <keyword>
                        <gco:CharacterString>Police Force Areas</gco:CharacterString>
                    </keyword>
                    <keyword>
                        <gco:CharacterString>PFA</gco:CharacterString>
                    </keyword>
                    <keyword>
                        <gco:CharacterString>2016</gco:CharacterString>
                    </keyword>
                    <keyword>
                        <gco:CharacterString>Other Boundaries</gco:CharacterString>
                    </keyword>
                    <keyword>
                        <gco:CharacterString>England and Wales</gco:CharacterString>
                    </keyword>
                    <keyword>
                        <gco:CharacterString>EW</gco:CharacterString>
                    </keyword>
                    <keyword>
                        <gco:CharacterString>boundaries</gco:CharacterString>
                    </keyword>
                    <keyword>
                        <gco:CharacterString>BDY_OTH</gco:CharacterString>
                    </keyword>
                    <keyword>
                        <gco:CharacterString>WFS</gco:CharacterString>
                    </keyword>
                    <keyword>
                        <gco:CharacterString>WMS</gco:CharacterString>
                    </keyword>
                    <keyword>
                        <gco:CharacterString>BDY_PFA</gco:CharacterString>
                    </keyword>
                    <keyword>
                        <gco:CharacterString>DEC_2016</gco:CharacterString>
                    </keyword>
                </MD_Keywords>
            </descriptiveKeywords>
            <descriptiveKeywords>
                <MD_Keywords>
                    <keyword>
                        <gco:CharacterString>Boundaries</gco:CharacterString>
                    </keyword>
                    <keyword>
                        <gco:CharacterString>Police Force Areas</gco:CharacterString>
                    </keyword>
                    <keyword>
                        <gco:CharacterString>PFA</gco:CharacterString>
                    </keyword>
                    <keyword>
                        <gco:CharacterString>2016</gco:CharacterString>
                    </keyword>
                    <keyword>
                        <gco:CharacterString>Other Boundaries</gco:CharacterString>
                    </keyword>
                    <keyword>
                        <gco:CharacterString>England and Wales</gco:CharacterString>
                    </keyword>
                    <keyword>
                        <gco:CharacterString>EW</gco:CharacterString>
                    </keyword>
                    <keyword>
                        <gco:CharacterString>boundaries</gco:CharacterString>
                    </keyword>
                    <keyword>
                        <gco:CharacterString>BDY_OTH</gco:CharacterString>
                    </keyword>
                    <keyword>
                        <gco:CharacterString>WFS</gco:CharacterString>
                    </keyword>
                    <keyword>
                        <gco:CharacterString>WMS</gco:CharacterString>
                    </keyword>
                    <keyword>
                        <gco:CharacterString>BDY_PFA</gco:CharacterString>
                    </keyword>
                    <keyword>
                        <gco:CharacterString>DEC_2016</gco:CharacterString>
                    </keyword>
                </MD_Keywords>
            </descriptiveKeywords>
            <descriptiveKeywords>
                <MD_Keywords>
                    <keyword>
                        <gco:CharacterString>Boundaries</gco:CharacterString>
                    </keyword>
                    <keyword>
                        <gco:CharacterString>Police Force Areas</gco:CharacterString>
                    </keyword>
                    <keyword>
                        <gco:CharacterString>PFA</gco:CharacterString>
                    </keyword>
                    <keyword>
                        <gco:CharacterString>2016</gco:CharacterString>
                    </keyword>
                    <keyword>
                        <gco:CharacterString>Other Boundaries</gco:CharacterString>
                    </keyword>
                    <keyword>
                        <gco:CharacterString>England and Wales</gco:CharacterString>
                    </keyword>
                    <keyword>
                        <gco:CharacterString>EW</gco:CharacterString>
                    </keyword>
                    <keyword>
                        <gco:CharacterString>boundaries</gco:CharacterString>
                    </keyword>
                    <keyword>
                        <gco:CharacterString>BDY_OTH</gco:CharacterString>
                    </keyword>
                    <keyword>
                        <gco:CharacterString>WFS</gco:CharacterString>
                    </keyword>
                    <keyword>
                        <gco:CharacterString>WMS</gco:CharacterString>
                    </keyword>
                    <keyword>
                        <gco:CharacterString>BDY_PFA</gco:CharacterString>
                    </keyword>
                    <keyword>
                        <gco:CharacterString>DEC_2016</gco:CharacterString>
                    </keyword>
                </MD_Keywords>
            </descriptiveKeywords>
            <descriptiveKeywords>
                <MD_Keywords>
                    <keyword>
                        <gco:CharacterString>Boundaries</gco:CharacterString>
                    </keyword>
                    <keyword>
                        <gco:CharacterString>Police Force Areas</gco:CharacterString>
                    </keyword>
                    <keyword>
                        <gco:CharacterString>PFA</gco:CharacterString>
                    </keyword>
                    <keyword>
                        <gco:CharacterString>2016</gco:CharacterString>
                    </keyword>
                    <keyword>
                        <gco:CharacterString>Other Boundaries</gco:CharacterString>
                    </keyword>
                    <keyword>
                        <gco:CharacterString>England and Wales</gco:CharacterString>
                    </keyword>
                    <keyword>
                        <gco:CharacterString>EW</gco:CharacterString>
                    </keyword>
                    <keyword>
                        <gco:CharacterString>boundaries</gco:CharacterString>
                    </keyword>
                    <keyword>
                        <gco:CharacterString>BDY_OTH</gco:CharacterString>
                    </keyword>
                    <keyword>
                        <gco:CharacterString>WFS</gco:CharacterString>
                    </keyword>
                    <keyword>
                        <gco:CharacterString>WMS</gco:CharacterString>
                    </keyword>
                    <keyword>
                        <gco:CharacterString>BDY_PFA</gco:CharacterString>
                    </keyword>
                    <keyword>
                        <gco:CharacterString>DEC_2016</gco:CharacterString>
                    </keyword>
                </MD_Keywords>
            </descriptiveKeywords>
            <descriptiveKeywords>
                <MD_Keywords>
                    <keyword>
                        <gco:CharacterString>Boundaries</gco:CharacterString>
                    </keyword>
                    <keyword>
                        <gco:CharacterString>Police Force Areas</gco:CharacterString>
                    </keyword>
                    <keyword>
                        <gco:CharacterString>PFA</gco:CharacterString>
                    </keyword>
                    <keyword>
                        <gco:CharacterString>2016</gco:CharacterString>
                    </keyword>
                    <keyword>
                        <gco:CharacterString>Other Boundaries</gco:CharacterString>
                    </keyword>
                    <keyword>
                        <gco:CharacterString>England and Wales</gco:CharacterString>
                    </keyword>
                    <keyword>
                        <gco:CharacterString>EW</gco:CharacterString>
                    </keyword>
                    <keyword>
                        <gco:CharacterString>boundaries</gco:CharacterString>
                    </keyword>
                    <keyword>
                        <gco:CharacterString>BDY_OTH</gco:CharacterString>
                    </keyword>
                    <keyword>
                        <gco:CharacterString>WFS</gco:CharacterString>
                    </keyword>
                    <keyword>
                        <gco:CharacterString>WMS</gco:CharacterString>
                    </keyword>
                    <keyword>
                        <gco:CharacterString>BDY_PFA</gco:CharacterString>
                    </keyword>
                    <keyword>
                        <gco:CharacterString>DEC_2016</gco:CharacterString>
                    </keyword>
                </MD_Keywords>
            </descriptiveKeywords>
            <descriptiveKeywords>
                <MD_Keywords>
                    <keyword>
                        <gco:CharacterString>Boundaries</gco:CharacterString>
                    </keyword>
                    <keyword>
                        <gco:CharacterString>Police Force Areas</gco:CharacterString>
                    </keyword>
                    <keyword>
                        <gco:CharacterString>PFA</gco:CharacterString>
                    </keyword>
                    <keyword>
                        <gco:CharacterString>2016</gco:CharacterString>
                    </keyword>
                    <keyword>
                        <gco:CharacterString>Other Boundaries</gco:CharacterString>
                    </keyword>
                    <keyword>
                        <gco:CharacterString>England and Wales</gco:CharacterString>
                    </keyword>
                    <keyword>
                        <gco:CharacterString>EW</gco:CharacterString>
                    </keyword>
                    <keyword>
                        <gco:CharacterString>boundaries</gco:CharacterString>
                    </keyword>
                    <keyword>
                        <gco:CharacterString>BDY_OTH</gco:CharacterString>
                    </keyword>
                    <keyword>
                        <gco:CharacterString>WFS</gco:CharacterString>
                    </keyword>
                    <keyword>
                        <gco:CharacterString>WMS</gco:CharacterString>
                    </keyword>
                    <keyword>
                        <gco:CharacterString>BDY_PFA</gco:CharacterString>
                    </keyword>
                    <keyword>
                        <gco:CharacterString>DEC_2016</gco:CharacterString>
                    </keyword>
                </MD_Keywords>
            </descriptiveKeywords>
            <descriptiveKeywords>
                <MD_Keywords>
                    <keyword>
                        <gco:CharacterString>Boundaries</gco:CharacterString>
                    </keyword>
                    <keyword>
                        <gco:CharacterString>Police Force Areas</gco:CharacterString>
                    </keyword>
                    <keyword>
                        <gco:CharacterString>PFA</gco:CharacterString>
                    </keyword>
                    <keyword>
                        <gco:CharacterString>2016</gco:CharacterString>
                    </keyword>
                    <keyword>
                        <gco:CharacterString>Other Boundaries</gco:CharacterString>
                    </keyword>
                    <keyword>
                        <gco:CharacterString>England and Wales</gco:CharacterString>
                    </keyword>
                    <keyword>
                        <gco:CharacterString>EW</gco:CharacterString>
                    </keyword>
                    <keyword>
                        <gco:CharacterString>boundaries</gco:CharacterString>
                    </keyword>
                    <keyword>
                        <gco:CharacterString>BDY_OTH</gco:CharacterString>
                    </keyword>
                    <keyword>
                        <gco:CharacterString>WFS</gco:CharacterString>
                    </keyword>
                    <keyword>
                        <gco:CharacterString>WMS</gco:CharacterString>
                    </keyword>
                    <keyword>
                        <gco:CharacterString>BDY_PFA</gco:CharacterString>
                    </keyword>
                    <keyword>
                        <gco:CharacterString>DEC_2016</gco:CharacterString>
                    </keyword>
                </MD_Keywords>
            </descriptiveKeywords>
            <descriptiveKeywords>
                <MD_Keywords>
                    <keyword>
                        <gco:CharacterString>Boundaries</gco:CharacterString>
                    </keyword>
                    <keyword>
                        <gco:CharacterString>Police Force Areas</gco:CharacterString>
                    </keyword>
                    <keyword>
                        <gco:CharacterString>PFA</gco:CharacterString>
                    </keyword>
                    <keyword>
                        <gco:CharacterString>2016</gco:CharacterString>
                    </keyword>
                    <keyword>
                        <gco:CharacterString>Other Boundaries</gco:CharacterString>
                    </keyword>
                    <keyword>
                        <gco:CharacterString>England and Wales</gco:CharacterString>
                    </keyword>
                    <keyword>
                        <gco:CharacterString>EW</gco:CharacterString>
                    </keyword>
                    <keyword>
                        <gco:CharacterString>boundaries</gco:CharacterString>
                    </keyword>
                    <keyword>
                        <gco:CharacterString>BDY_OTH</gco:CharacterString>
                    </keyword>
                    <keyword>
                        <gco:CharacterString>WFS</gco:CharacterString>
                    </keyword>
                    <keyword>
                        <gco:CharacterString>WMS</gco:CharacterString>
                    </keyword>
                    <keyword>
                        <gco:CharacterString>BDY_PFA</gco:CharacterString>
                    </keyword>
                    <keyword>
                        <gco:CharacterString>DEC_2016</gco:CharacterString>
                    </keyword>
                </MD_Keywords>
            </descriptiveKeywords>
            <descriptiveKeywords>
                <MD_Keywords>
                    <keyword>
                        <gco:CharacterString>Boundaries</gco:CharacterString>
                    </keyword>
                    <keyword>
                        <gco:CharacterString>Police Force Areas</gco:CharacterString>
                    </keyword>
                    <keyword>
                        <gco:CharacterString>PFA</gco:CharacterString>
                    </keyword>
                    <keyword>
                        <gco:CharacterString>2016</gco:CharacterString>
                    </keyword>
                    <keyword>
                        <gco:CharacterString>Other Boundaries</gco:CharacterString>
                    </keyword>
                    <keyword>
                        <gco:CharacterString>England and Wales</gco:CharacterString>
                    </keyword>
                    <keyword>
                        <gco:CharacterString>EW</gco:CharacterString>
                    </keyword>
                    <keyword>
                        <gco:CharacterString>boundaries</gco:CharacterString>
                    </keyword>
                    <keyword>
                        <gco:CharacterString>BDY_OTH</gco:CharacterString>
                    </keyword>
                    <keyword>
                        <gco:CharacterString>WFS</gco:CharacterString>
                    </keyword>
                    <keyword>
                        <gco:CharacterString>WMS</gco:CharacterString>
                    </keyword>
                    <keyword>
                        <gco:CharacterString>BDY_PFA</gco:CharacterString>
                    </keyword>
                    <keyword>
                        <gco:CharacterString>DEC_2016</gco:CharacterString>
                    </keyword>
                </MD_Keywords>
            </descriptiveKeywords>
            <descriptiveKeywords>
                <MD_Keywords>
                    <keyword>
                        <gco:CharacterString>Boundaries</gco:CharacterString>
                    </keyword>
                    <keyword>
                        <gco:CharacterString>Police Force Areas</gco:CharacterString>
                    </keyword>
                    <keyword>
                        <gco:CharacterString>PFA</gco:CharacterString>
                    </keyword>
                    <keyword>
                        <gco:CharacterString>2016</gco:CharacterString>
                    </keyword>
                    <keyword>
                        <gco:CharacterString>Other Boundaries</gco:CharacterString>
                    </keyword>
                    <keyword>
                        <gco:CharacterString>England and Wales</gco:CharacterString>
                    </keyword>
                    <keyword>
                        <gco:CharacterString>EW</gco:CharacterString>
                    </keyword>
                    <keyword>
                        <gco:CharacterString>boundaries</gco:CharacterString>
                    </keyword>
                    <keyword>
                        <gco:CharacterString>BDY_OTH</gco:CharacterString>
                    </keyword>
                    <keyword>
                        <gco:CharacterString>WFS</gco:CharacterString>
                    </keyword>
                    <keyword>
                        <gco:CharacterString>WMS</gco:CharacterString>
                    </keyword>
                    <keyword>
                        <gco:CharacterString>BDY_PFA</gco:CharacterString>
                    </keyword>
                    <keyword>
                        <gco:CharacterString>DEC_2016</gco:CharacterString>
                    </keyword>
                </MD_Keywords>
            </descriptiveKeywords>
            <descriptiveKeywords>
                <MD_Keywords>
                    <keyword>
                        <gco:CharacterString>Boundaries</gco:CharacterString>
                    </keyword>
                    <keyword>
                        <gco:CharacterString>Police Force Areas</gco:CharacterString>
                    </keyword>
                    <keyword>
                        <gco:CharacterString>PFA</gco:CharacterString>
                    </keyword>
                    <keyword>
                        <gco:CharacterString>2016</gco:CharacterString>
                    </keyword>
                    <keyword>
                        <gco:CharacterString>Other Boundaries</gco:CharacterString>
                    </keyword>
                    <keyword>
                        <gco:CharacterString>England and Wales</gco:CharacterString>
                    </keyword>
                    <keyword>
                        <gco:CharacterString>EW</gco:CharacterString>
                    </keyword>
                    <keyword>
                        <gco:CharacterString>boundaries</gco:CharacterString>
                    </keyword>
                    <keyword>
                        <gco:CharacterString>BDY_OTH</gco:CharacterString>
                    </keyword>
                    <keyword>
                        <gco:CharacterString>WFS</gco:CharacterString>
                    </keyword>
                    <keyword>
                        <gco:CharacterString>WMS</gco:CharacterString>
                    </keyword>
                    <keyword>
                        <gco:CharacterString>BDY_PFA</gco:CharacterString>
                    </keyword>
                    <keyword>
                        <gco:CharacterString>DEC_2016</gco:CharacterString>
                    </keyword>
                </MD_Keywords>
            </descriptiveKeywords>
            <descriptiveKeywords>
                <MD_Keywords>
                    <keyword>
                        <gco:CharacterString>Boundaries</gco:CharacterString>
                    </keyword>
                    <keyword>
                        <gco:CharacterString>Police Force Areas</gco:CharacterString>
                    </keyword>
                    <keyword>
                        <gco:CharacterString>PFA</gco:CharacterString>
                    </keyword>
                    <keyword>
                        <gco:CharacterString>2016</gco:CharacterString>
                    </keyword>
                    <keyword>
                        <gco:CharacterString>Other Boundaries</gco:CharacterString>
                    </keyword>
                    <keyword>
                        <gco:CharacterString>England and Wales</gco:CharacterString>
                    </keyword>
                    <keyword>
                        <gco:CharacterString>EW</gco:CharacterString>
                    </keyword>
                    <keyword>
                        <gco:CharacterString>boundaries</gco:CharacterString>
                    </keyword>
                    <keyword>
                        <gco:CharacterString>BDY_OTH</gco:CharacterString>
                    </keyword>
                    <keyword>
                        <gco:CharacterString>WFS</gco:CharacterString>
                    </keyword>
                    <keyword>
                        <gco:CharacterString>WMS</gco:CharacterString>
                    </keyword>
                    <keyword>
                        <gco:CharacterString>BDY_PFA</gco:CharacterString>
                    </keyword>
                    <keyword>
                        <gco:CharacterString>DEC_2016</gco:CharacterString>
                    </keyword>
                </MD_Keywords>
            </descriptiveKeywords>
            <descriptiveKeywords>
                <MD_Keywords>
                    <keyword>
                        <gco:CharacterString>Boundaries</gco:CharacterString>
                    </keyword>
                    <keyword>
                        <gco:CharacterString>Police Force Areas</gco:CharacterString>
                    </keyword>
                    <keyword>
                        <gco:CharacterString>PFA</gco:CharacterString>
                    </keyword>
                    <keyword>
                        <gco:CharacterString>2016</gco:CharacterString>
                    </keyword>
                    <keyword>
                        <gco:CharacterString>Other Boundaries</gco:CharacterString>
                    </keyword>
                    <keyword>
                        <gco:CharacterString>England and Wales</gco:CharacterString>
                    </keyword>
                    <keyword>
                        <gco:CharacterString>EW</gco:CharacterString>
                    </keyword>
                    <keyword>
                        <gco:CharacterString>boundaries</gco:CharacterString>
                    </keyword>
                    <keyword>
                        <gco:CharacterString>BDY_OTH</gco:CharacterString>
                    </keyword>
                    <keyword>
                        <gco:CharacterString>WFS</gco:CharacterString>
                    </keyword>
                    <keyword>
                        <gco:CharacterString>WMS</gco:CharacterString>
                    </keyword>
                    <keyword>
                        <gco:CharacterString>BDY_PFA</gco:CharacterString>
                    </keyword>
                    <keyword>
                        <gco:CharacterString>DEC_2016</gco:CharacterString>
                    </keyword>
                </MD_Keywords>
            </descriptiveKeywords>
            <resourceConstraints>
                <MD_LegalConstraints>
                    <useConstraints>
                        <MD_RestrictionCode codeList="http://www.isotc211.org/2005/resources/Codelist/gmxCodelists.xml#MD_RestrictionCode" codeListValue="otherRestrictions">otherRestrictions</MD_RestrictionCode>
                    </useConstraints>
                    <otherConstraints>
                        <gco:CharacterString>Licence, http://www.nationalarchives.gov.uk/doc/open-government-licence/, Office for National Statistics licensed under the Open Government Licence v.3.0.</gco:CharacterString>
                    </otherConstraints>
                </MD_LegalConstraints>
            </resourceConstraints>
            <resourceConstraints>
                <MD_LegalConstraints>
                    <useLimitation>
                        <gco:CharacterString>Licence, http://www.nationalarchives.gov.uk/doc/open-government-licence/, Office for National Statistics licensed under the Open Government Licence v.3.0.</gco:CharacterString>
                    </useLimitation>
                    <accessConstraints>
                        <MD_RestrictionCode codeList="http://www.isotc211.org/2005/resources/Codelist/gmxCodelists.xml#MD_RestrictionCode" codeListValue="license" codeSpace="ISOTC211/19115">license</MD_RestrictionCode>
                    </accessConstraints>
                    <useConstraints>
                        <MD_RestrictionCode codeList="http://www.isotc211.org/2005/resources/Codelist/gmxCodelists.xml#MD_RestrictionCode" codeListValue="license" codeSpace="ISOTC211/19115">license</MD_RestrictionCode>
                    </useConstraints>
                    <otherConstraints>
                        <gco:CharacterString>Licence, http://www.nationalarchives.gov.uk/doc/open-government-licence/, Office for National Statistics licensed under the Open Government Licence v.3.0.</gco:CharacterString>
                    </otherConstraints>
                </MD_LegalConstraints>
            </resourceConstraints>
            <language>
                <LanguageCode codeList="http://www.loc.gov/standards/iso639-2" codeListValue="eng" codeSpace="ISO639-2">eng</LanguageCode>
            </language>
            <characterSet>
                <MD_CharacterSetCode codeList="http://www.isotc211.org/2005/resources/Codelist/gmxCodelists.xml#MD_CharacterSetCode" codeListValue="utf8" codeSpace="ISOTC211/19115">utf8</MD_CharacterSetCode>
            </characterSet>
            <topicCategory>
                <MD_TopicCategoryCode>boundaries</MD_TopicCategoryCode>
            </topicCategory>
            <topicCategory>
                <MD_TopicCategoryCode>geoscientificInformation</MD_TopicCategoryCode>
            </topicCategory>
            <extent>
                <EX_Extent>
                    <geographicElement>
                        <EX_GeographicBoundingBox>
                            <westBoundLongitude>
                                <gco:Decimal>-6.00</gco:Decimal>
                            </westBoundLongitude>
                            <eastBoundLongitude>
                                <gco:Decimal>2.00</gco:Decimal>
                            </eastBoundLongitude>
                            <southBoundLatitude>
                                <gco:Decimal>49.90</gco:Decimal>
                            </southBoundLatitude>
                            <northBoundLatitude>
                                <gco:Decimal>56.00</gco:Decimal>
                            </northBoundLatitude>
                        </EX_GeographicBoundingBox>
                    </geographicElement>
                </EX_Extent>
            </extent>
        </MD_DataIdentification>
    </identificationInfo>
    <distributionInfo>
        <MD_Distribution>
            <transferOptions>
                <MD_DigitalTransferOptions>
                    <onLine>
                        <CI_OnlineResource>
                            <linkage>
                                <URL>https://ons-inspire.esriuk.com/arcgis/services/Other_Boundaries/Police_Force_Areas_December_2016_Boundaries/MapServer/WFSServer?request=GetCapabilities&amp;service=WFS</URL>
                            </linkage>
                            <name>
                                <gco:CharacterString>Link to WFS</gco:CharacterString>
                            </name>
                            <function>
                                <CI_OnLineFunctionCode codeList="http://www.isotc211.org/2005/resources/Codelist/gmxCodelists.xml#CI_OnLineFunctionCode" codeListValue="download" codeSpace="ISOTC211/19115">download</CI_OnLineFunctionCode>
                            </function>
                        </CI_OnlineResource>
                    </onLine>
                    <onLine>
                        <CI_OnlineResource>
                            <linkage>
                                <URL>https://ons-inspire.esriuk.com/arcgis/services/Other_Boundaries/Police_Force_Areas_December_2016_Boundaries/MapServer/WMSServer?request=GetCapabilities&amp;service=WMS</URL>
                            </linkage>
                            <name>
                                <gco:CharacterString>Link to WMS</gco:CharacterString>
                            </name>
                            <function>
                                <CI_OnLineFunctionCode codeList="http://www.isotc211.org/2005/resources/Codelist/gmxCodelists.xml#CI_OnLineFunctionCode" codeListValue="download" codeSpace="ISOTC211/19115">download</CI_OnLineFunctionCode>
                            </function>
                        </CI_OnlineResource>
                    </onLine>
                </MD_DigitalTransferOptions>
            </transferOptions>
        </MD_Distribution>
    </distributionInfo>
    <dataQualityInfo>
        <DQ_DataQuality>
            <scope>
                <DQ_Scope>
                    <level>
                        <MD_ScopeCode codeList="http://www.isotc211.org/2005/resources/Codelist/gmxCodelists.xml#MD_ScopeCode" codeListValue="dataset" codeSpace="ISOTC211/19115">dataset</MD_ScopeCode>
                    </level>
                </DQ_Scope>
            </scope>
            <report>
                <DQ_DomainConsistency>
                    <result>
                        <DQ_ConformanceResult>
                            <specification>
                                <CI_Citation>
                                    <title>
                                        <gco:CharacterString>COMMISSION REGULATION (EU) No 1089/2010 of 23 November 2010 implementing Directive 2007/2/EC of the European Parliament and of the Council as regards interoperability of spatial data sets and services</gco:CharacterString>
                                    </title>
                                    <date>
                                        <CI_Date>
                                            <date>
                                                <gco:Date>2010-12-08</gco:Date>
                                            </date>
                                            <dateType>
                                                <CI_DateTypeCode codeList="http://www.isotc211.org/2005/resources/Codelist/gmxCodelists.xml#CI_DateTypeCode" codeListValue="publication" codeSpace="ISOTC211/19115">publication</CI_DateTypeCode>
                                            </dateType>
                                        </CI_Date>
                                    </date>
                                </CI_Citation>
                            </specification>
                            <explanation>
                                <gco:CharacterString>http://eur-lex.europa.eu/LexUriServ/LexUriServ.do?uri=OJ:L:2010:323:0011:0102:EN:PDF</gco:CharacterString>
                            </explanation>
                            <pass>
                                <gco:Boolean>true</gco:Boolean>
                            </pass>
                        </DQ_ConformanceResult>
                    </result>
                </DQ_DomainConsistency>
            </report>
            <lineage>
                <LI_Lineage>
                    <statement>
                        <gco:CharacterString>This product was produced by ONS Geography</gco:CharacterString>
                    </statement>
                </LI_Lineage>
            </lineage>
        </DQ_DataQuality>
    </dataQualityInfo>
</MD_Metadata>
